model,val_accuracy,val_precision,val_recall,val_f1,val_roc_auc,test_accuracy,test_precision,test_recall,test_f1,test_roc_auc
Logistic Regression,0.8608,0.8763885863646265,0.8941111111111111,0.8851611483885161,0.9345874629629629,0.8601333333333333,0.8750951190346777,0.8945438382042449,0.8847126057808551,0.9329508533405709
Random Forest,0.9198,0.9994875080076874,0.8667777777777778,0.9284141624516513,0.9433326111111111,0.9207333333333333,0.9992329327537715,0.8685409489943327,0.9293145472920754,0.9432167461662638
Gradient Boosting,0.9200666666666667,1.0,0.8667777777777778,0.9286352002856972,0.9449726388888889,0.9211333333333334,1.0,0.8685409489943327,0.9296461492714838,0.9447073763440433
